Column1,name,album,release_date,track_number,id,uri,acousticness,danceability,energy,instrumentalness,liveness,loudness,speechiness,tempo,valence,popularity,duration_ms
31,Fortnight (feat. Post Malone),THE TORTURED POETS DEPARTMENT,2024/4/18,1,2OzhQlSqBEmt7hmkYxfT6m,spotify:track:2OzhQlSqBEmt7hmkYxfT6m,0.502,0.504,0.386,0.0000153,0.0961,-10.976,0.0308,192.004,0.281,91,228965
32,The Tortured Poets Department,THE TORTURED POETS DEPARTMENT,2024/4/18,2,3NMrVbIVWT3fPXBj0rNDKG,spotify:track:3NMrVbIVWT3fPXBj0rNDKG,0.0483,0.604,0.428,0,0.126,-8.441,0.0255,110.259,0.292,75,293048
33,My Boy Only Breaks His Favorite Toys,THE TORTURED POETS DEPARTMENT,2024/4/18,3,2XXwLdtuAcE0HSCu61ijAb,spotify:track:2XXwLdtuAcE0HSCu61ijAb,0.137,0.596,0.563,0,0.302,-7.362,0.0269,97.073,0.481,77,203801
34,Down Bad,THE TORTURED POETS DEPARTMENT,2024/4/18,4,2F3N9tdombb64aW6VtZOdo,spotify:track:2F3N9tdombb64aW6VtZOdo,0.56,0.541,0.366,0.000001,0.0946,-10.412,0.0748,159.707,0.168,82,261228
35,"So Long, London",THE TORTURED POETS DEPARTMENT,2024/4/18,5,3Vevii7qKqrmW8CcyzBHDl,spotify:track:3Vevii7qKqrmW8CcyzBHDl,0.73,0.423,0.533,0.00264,0.0816,-11.388,0.322,160.218,0.248,78,262974
36,But Daddy I Love Him,THE TORTURED POETS DEPARTMENT,2024/4/18,6,5og4Qzt92jJzVDkOtSEilb,spotify:track:5og4Qzt92jJzVDkOtSEilb,0.384,0.521,0.72,0,0.135,-7.684,0.104,79.943,0.438,78,340428
37,Fresh Out The Slammer,THE TORTURED POETS DEPARTMENT,2024/4/18,7,3fO566xJgwxIa3qGCGBvIC,spotify:track:3fO566xJgwxIa3qGCGBvIC,0.624,0.33,0.483,0,0.111,-9.394,0.0399,87.115,0.34,69,210789
38,Florida!!! (feat. Florence + The Machine),THE TORTURED POETS DEPARTMENT,2024/4/18,8,3ZVFcD8Wlw9T9klGqmJf9F,spotify:track:3ZVFcD8Wlw9T9klGqmJf9F,0.178,0.533,0.573,0,0.309,-7.123,0.138,150.088,0.398,76,215463
39,Guilty as Sin?,THE TORTURED POETS DEPARTMENT,2024/4/18,9,0W0iAC1VGlB82PI6elxFYf,spotify:track:0W0iAC1VGlB82PI6elxFYf,0.607,0.626,0.428,0,0.0921,-8.374,0.0261,94.95,0.487,82,254365
40,Who’s Afraid of Little Old Me?,THE TORTURED POETS DEPARTMENT,2024/4/18,10,36t6frENUtCYKuZus6aYDO,spotify:track:36t6frENUtCYKuZus6aYDO,0.315,0.606,0.338,0,0.106,-10.555,0.048,119.88,0.238,80,334084
41,I Can Fix Him (No Really I Can),THE TORTURED POETS DEPARTMENT,2024/4/18,11,2h3MDMf8sd9s4XIzpTBIjX,spotify:track:2h3MDMf8sd9s4XIzpTBIjX,0.768,0.661,0.257,0.00000172,0.176,-13.961,0.045,106.896,0.318,67,156297
42,loml,THE TORTURED POETS DEPARTMENT,2024/4/18,12,6RSG1dKPV5gEvILwJb4QtS,spotify:track:6RSG1dKPV5gEvILwJb4QtS,0.858,0.423,0.272,0,0.108,-12.56,0.0489,78.539,0.195,75,277156
43,I Can Do It With a Broken Heart,THE TORTURED POETS DEPARTMENT,2024/4/18,13,4q5YezDOIPcoLr8R81x9qy,spotify:track:4q5YezDOIPcoLr8R81x9qy,0.123,0.701,0.751,0,0.15,-8.39,0.0502,129.994,0.22,88,218004
44,The Smallest Man Who Ever Lived,THE TORTURED POETS DEPARTMENT,2024/4/18,14,2v1ivOOsgn64g5OywuH55L,spotify:track:2v1ivOOsgn64g5OywuH55L,0.52,0.426,0.41,0,0.338,-9.083,0.0581,142.377,0.263,74,245541
45,The Alchemy,THE TORTURED POETS DEPARTMENT,2024/4/18,15,1dhMTsEZz6ZEquGvmzVoHn,spotify:track:1dhMTsEZz6ZEquGvmzVoHn,0.422,0.64,0.421,0,0.103,-8.802,0.0273,100.056,0.353,73,196900
46,Clara Bow,THE TORTURED POETS DEPARTMENT,2024/4/18,16,1UlhrRvYzbHEyugEDspXUB,spotify:track:1UlhrRvYzbHEyugEDspXUB,0.636,0.686,0.318,0.00144,0.106,-11.046,0.0263,104.088,0.214,67,216662
155,Lavender Haze,Midnights,2022/10/21,1,5jQI2r1RdgtuT8S3iG8zFC,spotify:track:5jQI2r1RdgtuT8S3iG8zFC,0.23,0.735,0.449,0.00126,0.132,-10.56,0.0883,97.05,0.0955,77,202395
156,Maroon,Midnights,2022/10/21,2,3eX0NZfLtGzoLUxPNvRfqm,spotify:track:3eX0NZfLtGzoLUxPNvRfqm,0.0634,0.655,0.384,0.00000145,0.0973,-8.29,0.0349,108.058,0.0384,72,218270
157,Anti-Hero,Midnights,2022/10/21,3,0V3wPSX9ygBnCm8psDIegu,spotify:track:0V3wPSX9ygBnCm8psDIegu,0.121,0.633,0.648,0.00000262,0.161,-6.645,0.062,96.888,0.49,85,200690
158,Snow On The Beach (feat. Lana Del Rey),Midnights,2022/10/21,4,1wtOxkiel43cVs0Yux5Q4h,spotify:track:1wtOxkiel43cVs0Yux5Q4h,0.701,0.663,0.321,0.000598,0.107,-13.527,0.0409,110.021,0.153,69,256124
159,"You're On Your Own, Kid",Midnights,2022/10/21,5,4D7BCuvgdJlYvlX5WlN54t,spotify:track:4D7BCuvgdJlYvlX5WlN54t,0.447,0.696,0.39,0.0000155,0.125,-10.331,0.0616,120.032,0.395,77,194206
160,Midnight Rain,Midnights,2022/10/21,6,3rWDp9tBPQR9z6U5YyRSK4,spotify:track:3rWDp9tBPQR9z6U5YyRSK4,0.71,0.604,0.375,0.0000587,0.116,-11.637,0.0633,137.651,0.203,76,174782
161,Question...?,Midnights,2022/10/21,7,0heeNYlwOGuUSe7TgUD27B,spotify:track:0heeNYlwOGuUSe7TgUD27B,0.206,0.654,0.51,0,0.249,-8.767,0.242,108.874,0.105,66,210556
162,Vigilante Shit,Midnights,2022/10/21,8,1xwAWUI6Dj0WGC3KiUPN0O,spotify:track:1xwAWUI6Dj0WGC3KiUPN0O,0.166,0.872,0.267,0.0000218,0.123,-10.764,0.387,79.964,0.168,74,164801
163,Bejeweled,Midnights,2022/10/21,9,3qoftcUZaUOncvIYjFSPdE,spotify:track:3qoftcUZaUOncvIYjFSPdE,0.0593,0.687,0.551,0.000143,0.09,-9.202,0.0787,163.994,0.443,77,194165
164,Labyrinth,Midnights,2022/10/21,10,0A1JLUlkZkp2EFrosoNQi0,spotify:track:0A1JLUlkZkp2EFrosoNQi0,0.797,0.48,0.295,0.333,0.12,-15.512,0.0384,110.018,0.132,70,247962
165,Karma,Midnights,2022/10/21,11,7KokYm8cMIXCsGVmUvKtqf,spotify:track:7KokYm8cMIXCsGVmUvKtqf,0.062,0.64,0.619,0,0.475,-7.108,0.065,90.008,0.121,80,204852
166,Sweet Nothing,Midnights,2022/10/21,12,0wavGRldH0AWyu2zvTz8zb,spotify:track:0wavGRldH0AWyu2zvTz8zb,0.968,0.336,0.161,0.00011,0.115,-14.973,0.0456,176.48,0.407,69,188496
167,Mastermind,Midnights,2022/10/21,13,7FmYn9e7KHMXcxqGSj9LjH,spotify:track:7FmYn9e7KHMXcxqGSj9LjH,0.565,0.66,0.343,0.00134,0.0922,-14.132,0.14,125.96,0.137,72,191039
241,willow,evermore,2020/12/11,1,0lx2cLdOt3piJbcaXIV74f,spotify:track:0lx2cLdOt3piJbcaXIV74f,0.833,0.392,0.574,0.00179,0.145,-9.195,0.17,81.112,0.529,77,214706
242,champagne problems,evermore,2020/12/11,2,0sY6ZUTh4yoctD8VIXz339,spotify:track:0sY6ZUTh4yoctD8VIXz339,0.92,0.462,0.24,0,0.113,-12.077,0.0377,171.319,0.32,77,244000
243,gold rush,evermore,2020/12/11,3,5BK0uqwY9DNfZ630STAEaq,spotify:track:5BK0uqwY9DNfZ630STAEaq,0.83,0.512,0.462,0.166,0.121,-10.491,0.0408,112.05,0.353,67,185320
244,‘tis the damn season,evermore,2020/12/11,4,7dW84mWkdWE5a6lFWxJCBG,spotify:track:7dW84mWkdWE5a6lFWxJCBG,0.735,0.575,0.434,0.0000659,0.105,-8.193,0.0312,145.916,0.348,65,229840
245,tolerate it,evermore,2020/12/11,5,0PurA4JVJ8YQgSVopY8fn6,spotify:track:0PurA4JVJ8YQgSVopY8fn6,0.878,0.316,0.361,0.0000267,0.0797,-10.381,0.0488,74.952,0.221,72,245440
246,"no body, no crime (feat. HAIM)",evermore,2020/12/11,6,3RaT22zZsxVYxxKR7TAaYF,spotify:track:3RaT22zZsxVYxxKR7TAaYF,0.418,0.546,0.613,0,0.103,-7.589,0.0264,79.015,0.535,66,215626
247,happiness,evermore,2020/12/11,7,73YUReisjb3A9ActdLLjJQ,spotify:track:73YUReisjb3A9ActdLLjJQ,0.87,0.559,0.334,0,0.114,-10.733,0.0376,122.079,0.211,64,315146
248,dorothea,evermore,2020/12/11,8,670fUmXf4KQekzbEgaXyPA,spotify:track:670fUmXf4KQekzbEgaXyPA,0.696,0.605,0.488,0,0.129,-8.322,0.0264,119.966,0.354,62,225880
249,coney island (feat. The National),evermore,2020/12/11,9,3k7ne7VmH43ZPWxPdvPUgR,spotify:track:3k7ne7VmH43ZPWxPdvPUgR,0.819,0.537,0.537,0.000904,0.142,-11.266,0.0617,107.895,0.292,61,275320
250,ivy,evermore,2020/12/11,10,19CSr8rwW05VJL2F91KFNK,spotify:track:19CSr8rwW05VJL2F91KFNK,0.855,0.515,0.545,0.0000197,0.0921,-9.277,0.0353,88.856,0.535,66,260440
251,cowboy like me,evermore,2020/12/11,11,1XjHRolIXL2M1EEOUsGGR4,spotify:track:1XjHRolIXL2M1EEOUsGGR4,0.768,0.604,0.517,0.000155,0.123,-9.014,0.0347,127.967,0.511,65,275040
252,long story short,evermore,2020/12/11,12,2o2sgVJIgFXk8GQjWTgI6U,spotify:track:2o2sgVJIgFXk8GQjWTgI6U,0.66,0.546,0.73,0.179,0.0972,-7.704,0.0417,157.895,0.573,62,215920
253,marjorie,evermore,2020/12/11,13,12ntTeqEeTg7GAVpe8Mhpl,spotify:track:12ntTeqEeTg7GAVpe8Mhpl,0.876,0.535,0.561,0.000136,0.115,-11.609,0.0484,96.103,0.287,70,257773
254,closure,evermore,2020/12/11,14,35rdVq36LMHQX0Suw9a6tK,spotify:track:35rdVq36LMHQX0Suw9a6tK,0.835,0.689,0.704,0.00000483,0.134,-10.813,0.245,151.884,0.92,59,180653
255,evermore (feat. Bon Iver),evermore,2020/12/11,15,3O5osWf1rSoKMwe6E9ZaXP,spotify:track:3O5osWf1rSoKMwe6E9ZaXP,0.937,0.39,0.27,0.00227,0.111,-10.673,0.0308,125.177,0.32,63,304106
307,the 1,folklore,2020/7/24,1,0Jlcvv8IykzHaSmj49uNW8,spotify:track:0Jlcvv8IykzHaSmj49uNW8,0.757,0.777,0.357,0.00000728,0.108,-6.942,0.0522,139.884,0.172,74,210251
308,cardigan,folklore,2020/7/24,2,4R2kfaDFhslZEMJqAFNpdd,spotify:track:4R2kfaDFhslZEMJqAFNpdd,0.537,0.613,0.581,0.000345,0.25,-8.588,0.0424,130.033,0.551,84,239560
309,the last great american dynasty,folklore,2020/7/24,3,2Eeur20xVqfUoM3Q7EFPFt,spotify:track:2Eeur20xVqfUoM3Q7EFPFt,0.467,0.686,0.662,0.0023,0.109,-8.505,0.0413,147.922,0.706,70,230999
310,exile (feat. Bon Iver),folklore,2020/7/24,4,4pvb0WLRcMtbPGmtejJJ6y,spotify:track:4pvb0WLRcMtbPGmtejJJ6y,0.778,0.298,0.38,0.0000562,0.11,-8.426,0.0287,75.602,0.152,77,285634
311,my tears ricochet,folklore,2020/7/24,5,1MgV7FIyNxIG7WzMRJV5HC,spotify:track:1MgV7FIyNxIG7WzMRJV5HC,0.806,0.469,0.263,0,0.0749,-10.63,0.0329,129.86,0.112,78,255893
312,mirrorball,folklore,2020/7/24,6,0ZNU020wNYvgW84iljPkPP,spotify:track:0ZNU020wNYvgW84iljPkPP,0.687,0.553,0.413,0.00000233,0.0594,-10.037,0.0334,110.107,0.379,73,208977
313,seven,folklore,2020/7/24,7,6KJqZcs9XDgVck7Lg9QOTC,spotify:track:6KJqZcs9XDgVck7Lg9QOTC,0.9,0.596,0.488,0.000027,0.091,-10.769,0.0274,94.922,0.415,70,208906
314,august,folklore,2020/7/24,8,3hUxzQpSfdDqwM3ZTFQY0K,spotify:track:3hUxzQpSfdDqwM3ZTFQY0K,0.538,0.532,0.623,0.0000728,0.0925,-9.208,0.0331,89.937,0.403,84,261922
315,this is me trying,folklore,2020/7/24,9,7kt9e9LFSpN1zQtYEl19o1,spotify:track:7kt9e9LFSpN1zQtYEl19o1,0.314,0.515,0.476,0.0000474,0.171,-9.843,0.0328,135.886,0.412,73,195097
316,illicit affairs,folklore,2020/7/24,10,2NmsngXHeC1GQ9wWrzhOMf,spotify:track:2NmsngXHeC1GQ9wWrzhOMf,0.881,0.559,0.31,0,0.106,-10.445,0.0338,119.845,0.46,77,190898
317,invisible string,folklore,2020/7/24,11,6VsvKPJ4xjVNKpI8VVZ3SV,spotify:track:6VsvKPJ4xjVNKpI8VVZ3SV,0.838,0.653,0.452,0.0000773,0.108,-11.143,0.055,83.433,0.45,73,252880
318,mad woman,folklore,2020/7/24,12,2QDyYdZyhlP2fp79KZX8Bi,spotify:track:2QDyYdZyhlP2fp79KZX8Bi,0.655,0.592,0.699,0.0000168,0.114,-8.995,0.0471,141.916,0.506,65,237258
319,epiphany,folklore,2020/7/24,13,08fa9LFcFBTcilB3iq2e2A,spotify:track:08fa9LFcFBTcilB3iq2e2A,0.731,0.175,0.267,0.000402,0.0858,-13.69,0.0302,94.203,0.106,64,289749
320,betty,folklore,2020/7/24,14,5kI4eCXXzyuIUXjQra0Cxi,spotify:track:5kI4eCXXzyuIUXjQra0Cxi,0.6,0.593,0.377,0,0.0976,-8.761,0.0253,95.939,0.502,73,294521
321,peace,folklore,2020/7/24,15,7MbT4I8qGntX4fMdqMQgke,spotify:track:7MbT4I8qGntX4fMdqMQgke,0.918,0.647,0.272,0.0000173,0.0918,-12.906,0.0916,150.044,0.339,65,234000
322,hoax,folklore,2020/7/24,16,6MWoRt97mnSTXZhu3ggi9C,spotify:track:6MWoRt97mnSTXZhu3ggi9C,0.966,0.662,0.181,0.00000386,0.133,-15.065,0.0415,118.819,0.429,65,220042
323,I Forgot That You Existed,Lover,2019/8/23,1,43rA71bccXFGD4C8GOpIlN,spotify:track:43rA71bccXFGD4C8GOpIlN,0.298,0.664,0.316,0.00000203,0.0812,-10.345,0.519,92.875,0.541,71,170640
324,Cruel Summer,Lover,2019/8/23,2,1BxfuPKGuaTgP7aM0Bbdwr,spotify:track:1BxfuPKGuaTgP7aM0Bbdwr,0.117,0.552,0.702,0.0000206,0.105,-5.707,0.157,169.994,0.564,93,178426
325,Lover,Lover,2019/8/23,3,1dGr1c8CrMLDpV6mPbImSI,spotify:track:1dGr1c8CrMLDpV6mPbImSI,0.492,0.359,0.543,0.0000158,0.118,-7.582,0.0919,68.534,0.453,86,221306
326,The Man,Lover,2019/8/23,4,3RauEVgRgj1IuWdJ9fDs70,spotify:track:3RauEVgRgj1IuWdJ9fDs70,0.0767,0.777,0.658,0,0.0901,-5.191,0.054,110.048,0.633,81,190360
327,The Archer,Lover,2019/8/23,5,3pHkh7d0lzM2AldUtz2x37,spotify:track:3pHkh7d0lzM2AldUtz2x37,0.12,0.292,0.574,0.00569,0.0663,-9.375,0.0401,124.344,0.166,75,211240
328,I Think He Knows,Lover,2019/8/23,6,2YWtcWi3a83pdEg3Gif4Pd,spotify:track:2YWtcWi3a83pdEg3Gif4Pd,0.00889,0.897,0.366,0.000353,0.0715,-8.029,0.0569,100.003,0.416,72,173386
329,Miss Americana & The Heartbreak Prince,Lover,2019/8/23,7,214nt20w5wOxJnY462klLw,spotify:track:214nt20w5wOxJnY462klLw,0.028,0.662,0.747,0.00615,0.138,-6.926,0.0736,150.088,0.487,79,234146
330,Paper Rings,Lover,2019/8/23,8,4y5bvROuBDPr5fuwXbIBZR,spotify:track:4y5bvROuBDPr5fuwXbIBZR,0.0129,0.811,0.719,0.0000136,0.0742,-6.553,0.0497,103.979,0.865,78,222400
331,Cornelia Street,Lover,2019/8/23,9,12M5uqx0ZuwkpLp5rJim1a,spotify:track:12M5uqx0ZuwkpLp5rJim1a,0.781,0.824,0.624,0.000189,0.1,-9.728,0.0827,102.012,0.248,74,287266
332,Death By A Thousand Cuts,Lover,2019/8/23,10,2dgFqt3w9xIQRjhPtwNk3D,spotify:track:2dgFqt3w9xIQRjhPtwNk3D,0.454,0.712,0.732,0,0.319,-6.754,0.0629,94.071,0.313,72,198533
333,London Boy,Lover,2019/8/23,11,1LLXZFeAHK9R4xUramtUKw,spotify:track:1LLXZFeAHK9R4xUramtUKw,0.0246,0.695,0.71,0.000104,0.133,-6.639,0.05,157.925,0.557,74,190240
334,Soon You’ll Get Better (feat. The Chicks),Lover,2019/8/23,12,4AYtqFyFbX0Xkc2wtcygTr,spotify:track:4AYtqFyFbX0Xkc2wtcygTr,0.907,0.433,0.182,0,0.123,-12.566,0.0641,207.476,0.421,66,201586
335,False God,Lover,2019/8/23,13,5hQSXkFgbxjZo9uCwd11so,spotify:track:5hQSXkFgbxjZo9uCwd11so,0.736,0.739,0.32,0.000147,0.111,-10.862,0.239,79.97,0.351,73,200306
336,You Need To Calm Down,Lover,2019/8/23,14,6RRNNciQGZEXnqk8SQ9yv5,spotify:track:6RRNNciQGZEXnqk8SQ9yv5,0.00929,0.771,0.671,0,0.0637,-5.617,0.0553,85.026,0.714,80,171360
337,Afterglow,Lover,2019/8/23,15,1SymEzIT3H8UZfibCs3TYi,spotify:track:1SymEzIT3H8UZfibCs3TYi,0.13,0.756,0.449,0,0.114,-8.746,0.0344,111.011,0.399,74,223293
338,ME! (feat. Brendon Urie of Panic! At The Disco),Lover,2019/8/23,16,2Rk4JlNc2TPmZe2af99d45,spotify:track:2Rk4JlNc2TPmZe2af99d45,0.033,0.61,0.83,0,0.118,-4.105,0.0571,182.162,0.728,75,193000
339,It’s Nice To Have A Friend,Lover,2019/8/23,17,1SmiQ65iSAbPto6gPFlBYm,spotify:track:1SmiQ65iSAbPto6gPFlBYm,0.971,0.737,0.175,0.000337,0.171,-9.912,0.0401,70.008,0.545,66,150440
340,Daylight,Lover,2019/8/23,18,1fzAuUVbzlhZ1lJAx9PtY6,spotify:track:1fzAuUVbzlhZ1lJAx9PtY6,0.808,0.557,0.496,0.000173,0.0772,-9.602,0.0563,149.983,0.265,78,293453
341,...Ready For It?,reputation,2017/11/10,1,2yLa0QULdQr0qAIvVwN6B5,spotify:track:2yLa0QULdQr0qAIvVwN6B5,0.0527,0.613,0.764,0,0.197,-6.509,0.136,160.015,0.417,82,208186
342,End Game,reputation,2017/11/10,2,2x0WlnmfG39ZuDmstl9xfX,spotify:track:2x0WlnmfG39ZuDmstl9xfX,0.00845,0.649,0.589,0,0.108,-6.237,0.0558,159.073,0.151,74,244826
343,I Did Something Bad,reputation,2017/11/10,3,4svZDCRz4cJoneBpjpx8DJ,spotify:track:4svZDCRz4cJoneBpjpx8DJ,0.0679,0.696,0.602,0.0000211,0.0696,-6.156,0.159,82.989,0.305,75,238253
344,Don’t Blame Me,reputation,2017/11/10,4,1R0a2iXumgCiFb7HEZ7gUE,spotify:track:1R0a2iXumgCiFb7HEZ7gUE,0.106,0.615,0.534,0.0000176,0.0607,-6.719,0.0386,135.917,0.193,85,236413
345,Delicate,reputation,2017/11/10,5,6NFyWDv5CjfwuzoCkw47Xf,spotify:track:6NFyWDv5CjfwuzoCkw47Xf,0.216,0.75,0.404,0.000357,0.0911,-10.178,0.0682,95.045,0.0499,81,232253
346,Look What You Made Me Do,reputation,2017/11/10,6,1P17dC1amhFzptugyAO7Il,spotify:track:1P17dC1amhFzptugyAO7Il,0.204,0.766,0.709,0.0000141,0.126,-6.471,0.123,128.07,0.506,81,211853
347,So It Goes...,reputation,2017/11/10,7,5PxFv9yJEg9dxvbZggykro,spotify:track:5PxFv9yJEg9dxvbZggykro,0.122,0.574,0.61,0.0000011,0.13,-7.283,0.0732,74.957,0.374,69,227906
348,Gorgeous,reputation,2017/11/10,8,1ZY1PqizIl78geGM4xWlEA,spotify:track:1ZY1PqizIl78geGM4xWlEA,0.0713,0.8,0.535,0.00000948,0.213,-6.684,0.135,92.027,0.451,76,209680
349,Getaway Car,reputation,2017/11/10,9,0VE4kBnHJUgtMf0dy6DRmW,spotify:track:0VE4kBnHJUgtMf0dy6DRmW,0.00465,0.562,0.689,0.00000223,0.0888,-6.745,0.127,172.054,0.351,79,233626
350,King Of My Heart,reputation,2017/11/10,10,7HuBDWi18s4aJM8UFnNheH,spotify:track:7HuBDWi18s4aJM8UFnNheH,0.00882,0.675,0.703,0.00000221,0.0391,-7.902,0.0382,110.01,0.314,72,214320
351,Dancing With Our Hands Tied,reputation,2017/11/10,11,7I7JbDv63ZJJsSi24DyJrz,spotify:track:7I7JbDv63ZJJsSi24DyJrz,0.0604,0.624,0.691,0.000011,0.138,-6.686,0.196,160.024,0.284,72,211506
352,Dress,reputation,2017/11/10,12,6oVxXO5oQ4pTpO8RSnkzvv,spotify:track:6oVxXO5oQ4pTpO8RSnkzvv,0.0329,0.719,0.469,0,0.169,-8.792,0.0533,120.085,0.0851,75,230373
353,This Is Why We Can't Have Nice Things,reputation,2017/11/10,13,07NxDD1iKCHbAldceD7QLP,spotify:track:07NxDD1iKCHbAldceD7QLP,0.0156,0.567,0.789,0,0.382,-5.986,0.115,163.96,0.438,70,207133
354,Call It What You Want,reputation,2017/11/10,14,1GwMQaZz6Au3QLDbjbMdme,spotify:track:1GwMQaZz6Au3QLDbjbMdme,0.186,0.598,0.504,0.000221,0.34,-9.874,0.0731,163.954,0.252,75,203506
355,New Year’s Day,reputation,2017/11/10,15,7F5oktn5YOsR9eR5YsFtqb,spotify:track:7F5oktn5YOsR9eR5YsFtqb,0.921,0.661,0.151,0,0.13,-12.864,0.0354,94.922,0.23,70,235466
421,Welcome To New York,1989,2014/1/1,1,10nqz67NQWWa7XPq7ycihi,spotify:track:10nqz67NQWWa7XPq7ycihi,0.038,0.793,0.634,0.00000176,0.304,-4.807,0.0324,117.023,0.615,59,212600
422,Blank Space,1989,2014/1/1,2,2ls70nUDfjzm1lSRDuKxmw,spotify:track:2ls70nUDfjzm1lSRDuKxmw,0.085,0.752,0.678,0.00000164,0.13,-5.421,0.0646,96.009,0.583,60,231826
423,Style,1989,2014/1/1,3,71PmZqBXH0RUETqxpwlV0w,spotify:track:71PmZqBXH0RUETqxpwlV0w,0.00256,0.598,0.786,0.00143,0.117,-5.572,0.0382,95.021,0.456,56,231000
424,Out Of The Woods,1989,2014/1/1,4,7EpVQjqtKygiwJIASxMWNg,spotify:track:7EpVQjqtKygiwJIASxMWNg,0.00103,0.552,0.841,0.0000123,0.337,-6.938,0.0372,91.993,0.342,46,235800
425,All You Had To Do Was Stay,1989,2014/1/1,5,4NNolUeL5m2ju7kf8pdg6H,spotify:track:4NNolUeL5m2ju7kf8pdg6H,0.00196,0.602,0.735,0.0000477,0.105,-5.778,0.0337,96.969,0.472,53,193293
426,Shake It Off,1989,2014/1/1,6,1kKlhuQE0HXp1IwBRpaH2P,spotify:track:1kKlhuQE0HXp1IwBRpaH2P,0.0561,0.648,0.785,0,0.148,-5.414,0.165,160.02,0.943,53,219200
427,I Wish You Would,1989,2014/1/1,7,5RVJ6VKfwtosA5Q1qeHdjF,spotify:track:5RVJ6VKfwtosA5Q1qeHdjF,0.016,0.649,0.898,0.000099,0.109,-5.963,0.0511,118.027,0.503,42,207440
428,Bad Blood,1989,2014/1/1,8,0TvQLMecTE8utzoNmvXRbK,spotify:track:0TvQLMecTE8utzoNmvXRbK,0.0871,0.652,0.802,0.00000645,0.148,-6.114,0.181,170.157,0.295,71,211933
429,Wildest Dreams,1989,2014/1/1,9,3fVnlF4pGqWI9flVENcT28,spotify:track:3fVnlF4pGqWI9flVENcT28,0.0709,0.553,0.664,0.0056,0.106,-7.417,0.0741,140.06,0.467,75,220440
430,How You Get The Girl,1989,2014/1/1,10,5Z9ocF6ng0m2haHnKtHwTp,spotify:track:5Z9ocF6ng0m2haHnKtHwTp,0.00463,0.764,0.659,0.00458,0.0915,-6.136,0.0492,119.982,0.525,43,247533
431,This Love,1989,2014/1/1,11,7lTxQZVXlvIX7Z3szSy8Sh,spotify:track:7lTxQZVXlvIX7Z3szSy8Sh,0.635,0.485,0.459,0,0.101,-8.768,0.0337,71.981,0.0858,42,250093
432,I Know Places,1989,2014/1/1,12,6Ck9WerfsyvC4v4AylUoDp,spotify:track:6Ck9WerfsyvC4v4AylUoDp,0.231,0.595,0.763,0,0.2,-4.991,0.0661,159.959,0.507,43,195706
433,Clean,1989,2014/1/1,13,2k43eySbfpDVx0PrO99UI8,spotify:track:2k43eySbfpDVx0PrO99UI8,0.242,0.81,0.38,0,0.113,-7.755,0.035,103.981,0.211,42,271000
456,State Of Grace,Red,2012/10/22,1,786NsUYn4GGUf8AOt0SQhP,spotify:track:786NsUYn4GGUf8AOt0SQhP,0.000197,0.588,0.825,0.00138,0.0885,-5.882,0.0328,129.968,0.397,40,295186
457,Red,Red,2012/10/22,2,0cITLOYn1Sv4q27zZPqlNK,spotify:track:0cITLOYn1Sv4q27zZPqlNK,0.0773,0.602,0.896,0.0000887,0.091,-4.267,0.0437,124.978,0.641,58,220826
458,Treacherous,Red,2012/10/22,3,5kYFVSQoPu7yRpfiHBwMUk,spotify:track:5kYFVSQoPu7yRpfiHBwMUk,0.101,0.705,0.621,0.0000043,0.147,-8.086,0.0334,109.993,0.395,38,240773
459,I Knew You Were Trouble.,Red,2012/10/22,4,72jCZdH0Lhg93z6Z4hBjgj,spotify:track:72jCZdH0Lhg93z6Z4hBjgj,0.00454,0.622,0.469,0.00000225,0.0398,-6.798,0.0363,77.019,0.679,61,217973
460,All Too Well,Red,2012/10/22,5,4XMP3zVxrnr58T0tjIHvpR,spotify:track:4XMP3zVxrnr58T0tjIHvpR,0.0382,0.602,0.609,0.0002,0.127,-7.803,0.0243,93.06,0.337,44,327893
461,22,Red,2012/10/22,6,2ULNeSomDxVNmdDy8VxEBU,spotify:track:2ULNeSomDxVNmdDy8VxEBU,0.00215,0.658,0.729,0.0013,0.0752,-6.561,0.0378,104.007,0.668,53,230133
462,I Almost Do,Red,2012/10/22,7,5VwFkx7JOimOGTYfha5rs1,spotify:track:5VwFkx7JOimOGTYfha5rs1,0.0173,0.567,0.481,0.0000413,0.182,-7.357,0.027,145.865,0.233,39,242573
463,We Are Never Ever Getting Back Together,Red,2012/10/22,8,7AEAGTc8cReDqcbPoY9gwo,spotify:track:7AEAGTc8cReDqcbPoY9gwo,0.00957,0.628,0.676,0.0000265,0.102,-5.911,0.0916,85.984,0.75,59,191880
464,Stay Stay Stay,Red,2012/10/22,9,1qLeEu4iXEclkLwoBlMiou,spotify:track:1qLeEu4iXEclkLwoBlMiou,0.307,0.729,0.748,0.00000129,0.09,-6.67,0.0245,99.981,0.928,39,204826
465,The Last Time,Red,2012/10/22,10,3n9mzjgAzjyKawvbHzciXF,spotify:track:3n9mzjgAzjyKawvbHzciXF,0.035,0.505,0.443,0.00000315,0.0921,-7.039,0.0276,94.069,0.123,38,298293
466,Holy Ground,Red,2012/10/22,11,1fGsZsIkQkOspfsT24nQP6,spotify:track:1fGsZsIkQkOspfsT24nQP6,0.0162,0.627,0.816,0.00208,0.0966,-6.698,0.0774,157.043,0.648,37,201853
467,Sad Beautiful Tragic,Red,2012/10/22,12,6LKjHhOW1az75pCQ9XJJtF,spotify:track:6LKjHhOW1az75pCQ9XJJtF,0.632,0.624,0.34,0.0337,0.121,-12.411,0.029,129.987,0.261,35,283680
468,The Lucky One,Red,2012/10/22,13,2X2J0BhxaLTmnxO4pPUhSd,spotify:track:2X2J0BhxaLTmnxO4pPUhSd,0.0371,0.706,0.499,0,0.132,-7.675,0.0369,117.937,0.545,36,240133
469,Everything Has Changed,Red,2012/10/22,14,4NAmRvqSITAAzKWnC8yRq3,spotify:track:4NAmRvqSITAAzKWnC8yRq3,0.36,0.624,0.458,0.00000389,0.303,-6.755,0.0287,80.017,0.436,50,243933
470,Starlight,Red,2012/10/22,15,7MecVsMj22MneZt7kVFaCr,spotify:track:7MecVsMj22MneZt7kVFaCr,0.0213,0.649,0.777,0.000335,0.221,-5.804,0.0406,126.018,0.587,37,217826
471,Begin Again,Red,2012/10/22,16,0L4YCNRfXAoTvdpWeH2RGj,spotify:track:0L4YCNRfXAoTvdpWeH2RGj,0.199,0.53,0.526,0.00000352,0.232,-8.349,0.0263,79.025,0.323,56,237613
488,Mine - POP Mix,Speak Now,2010/10/25,1,0GxW5K0qzrq7L1jwSY5OmY,spotify:track:0GxW5K0qzrq7L1jwSY5OmY,0.00461,0.696,0.768,0.00000121,0.101,-3.863,0.0308,121.05,0.692,42,230546
489,Sparks Fly,Speak Now,2010/10/25,2,46NGAvL695VnbcSeTmQWmM,spotify:track:46NGAvL695VnbcSeTmQWmM,0.0387,0.608,0.785,0,0.158,-2.976,0.0311,114.985,0.376,53,260946
490,Back To December,Speak Now,2010/10/25,3,5l6GqSxplqnZbLg0LTPQeG,spotify:track:5l6GqSxplqnZbLg0LTPQeG,0.0202,0.517,0.606,0,0.324,-5.797,0.0289,141.929,0.296,62,293040
491,Speak Now,Speak Now,2010/10/25,4,7dXKdjpOaH2iwfFKmUj7aq,spotify:track:7dXKdjpOaH2iwfFKmUj7aq,0.101,0.708,0.601,0,0.0979,-3.75,0.0306,118.962,0.742,50,240773
492,Dear John,Speak Now,2010/10/25,5,3K2es3gElMRJ3qvmPW442g,spotify:track:3K2es3gElMRJ3qvmPW442g,0.183,0.583,0.468,0.00000165,0.111,-5.378,0.0278,119.375,0.126,46,403933
493,Mean,Speak Now,2010/10/25,6,0KztjtD3ytzgYjUKIVfBnW,spotify:track:0KztjtD3ytzgYjUKIVfBnW,0.445,0.57,0.747,0,0.219,-3.978,0.0426,164.004,0.808,51,237746
494,The Story Of Us,Speak Now,2010/10/25,7,3lXekiVK1ZPZbKconsys73,spotify:track:3lXekiVK1ZPZbKconsys73,0.000315,0.575,0.855,0.00161,0.0419,-4.827,0.0467,139.92,0.84,48,265680
495,Never Grow Up,Speak Now,2010/10/25,8,3JilapcaOXzjR9gtvCY8FO,spotify:track:3JilapcaOXzjR9gtvCY8FO,0.829,0.715,0.308,0,0.16,-8.829,0.0305,124.899,0.547,48,290480
496,Enchanted,Speak Now,2010/10/25,9,04S1pkp1VaIqjg8zZqknR5,spotify:track:04S1pkp1VaIqjg8zZqknR5,0.0716,0.535,0.618,0.000388,0.169,-3.913,0.0273,81.975,0.228,71,352200
497,Better Than Revenge,Speak Now,2010/10/25,10,0PWgAyoxsjwGRuFSO0fyya,spotify:track:0PWgAyoxsjwGRuFSO0fyya,0.0167,0.519,0.917,0.0000206,0.359,-3.185,0.0887,145.882,0.652,54,217173
498,Innocent,Speak Now,2010/10/25,11,0mTgFzkDgSAF3nJY25XCXG,spotify:track:0mTgFzkDgSAF3nJY25XCXG,0.202,0.553,0.604,0,0.125,-5.295,0.0258,133.989,0.186,38,302266
499,Haunted,Speak Now,2010/10/25,12,2YjKcFQ1vYFhQPgsmCOjss,spotify:track:2YjKcFQ1vYFhQPgsmCOjss,0.0769,0.434,0.944,0,0.151,-2.641,0.0581,162.02,0.361,47,242093
500,Last Kiss,Speak Now,2010/10/25,13,4EUQXLipplO2v9mVaqQtjc,spotify:track:4EUQXLipplO2v9mVaqQtjc,0.581,0.359,0.329,0.0000375,0.0979,-9.531,0.0293,84.358,0.208,49,367146
501,Long Live,Speak Now,2010/10/25,14,4ewAfHYpDTzpW1GKO44CVP,spotify:track:4ewAfHYpDTzpW1GKO44CVP,0.0426,0.412,0.682,0.0000747,0.106,-4.319,0.0339,203.959,0.146,51,317960
524,Jump Then Fall,Fearless (Platinum Edition),2008/11/11,1,6WWvcA62QlnRguluWAk6bv,spotify:track:6WWvcA62QlnRguluWAk6bv,0.111,0.618,0.687,0,0.0693,-5.737,0.0271,79.991,0.82,41,237066
525,Untouchable,Fearless (Platinum Edition),2008/11/11,2,6ovFJkdau79DuXEvQjPaNH,spotify:track:6ovFJkdau79DuXEvQjPaNH,0.0583,0.419,0.454,0.00000378,0.0974,-6.809,0.0335,200.017,0.288,43,311040
526,Forever & Always - Piano Version,Fearless (Platinum Edition),2008/11/11,3,13MAWVUSkbGMUi6I7RowRK,spotify:track:13MAWVUSkbGMUi6I7RowRK,0.852,0.592,0.16,0,0.116,-10.785,0.0347,118.929,0.294,41,267506
527,Come In With The Rain,Fearless (Platinum Edition),2008/11/11,4,0cEG04R5cldkTLzK6phlcn,spotify:track:0cEG04R5cldkTLzK6phlcn,0.0961,0.527,0.461,0.00000247,0.24,-6.172,0.0256,143.94,0.23,39,238093
528,SuperStar,Fearless (Platinum Edition),2008/11/11,5,0XfTh16YcKPzdxMPTeKTAq,spotify:track:0XfTh16YcKPzdxMPTeKTAq,0.367,0.61,0.531,0,0.351,-6.123,0.0239,85.979,0.228,38,261453
529,The Other Side Of The Door,Fearless (Platinum Edition),2008/11/11,6,1yDJcXc549N6AabNBzFAku,spotify:track:1yDJcXc549N6AabNBzFAku,0.169,0.476,0.816,0,0.238,-4.279,0.0347,163.847,0.469,39,237600
530,Fearless,Fearless (Platinum Edition),2008/11/11,7,2okho7vU7Nsq1UZD0kgIMi,spotify:track:2okho7vU7Nsq1UZD0kgIMi,0.0364,0.598,0.714,0.00000104,0.31,-4.397,0.0273,99.979,0.467,50,242000
531,Fifteen,Fearless (Platinum Edition),2008/11/11,8,5Ora3Ish2A1JN5veGYTxhw,spotify:track:5Ora3Ish2A1JN5veGYTxhw,0.0728,0.559,0.636,0,0.144,-4.4,0.0263,95.485,0.214,40,294346
532,Love Story,Fearless (Platinum Edition),2008/11/11,9,5hnJCRSo4pxRsaEwT9YusG,spotify:track:5hnJCRSo4pxRsaEwT9YusG,0.157,0.618,0.736,0,0.073,-3.937,0.0308,118.982,0.307,56,235280
533,Hey Stephen,Fearless (Platinum Edition),2008/11/11,10,3CI1f4yLwdHzcUnH7o0Xyh,spotify:track:3CI1f4yLwdHzcUnH7o0Xyh,0.168,0.843,0.553,0.00000266,0.107,-7.348,0.0317,115.997,0.825,43,254320
534,White Horse,Fearless (Platinum Edition),2008/11/11,11,5yKB8qcTSflDercM2PXwot,spotify:track:5yKB8qcTSflDercM2PXwot,0.302,0.585,0.346,0,0.102,-8.014,0.0256,92.564,0.195,42,234440
535,You Belong With Me,Fearless (Platinum Edition),2008/11/11,12,4kgTdThcDHfuDS2kKxB7Lc,spotify:track:4kgTdThcDHfuDS2kKxB7Lc,0.164,0.687,0.771,0.0000246,0.112,-4.424,0.0384,129.964,0.445,57,231146
536,Breathe,Fearless (Platinum Edition),2008/11/11,13,23qIWGhpwvDgC23TyZOUck,spotify:track:23qIWGhpwvDgC23TyZOUck,0.373,0.498,0.486,0,0.113,-7.384,0.0273,147.952,0.17,38,263986
537,Tell Me Why,Fearless (Platinum Edition),2008/11/11,14,4x7Gxk2GfwZJcqpoVT1PbR,spotify:track:4x7Gxk2GfwZJcqpoVT1PbR,0.0606,0.601,0.852,0.00000341,0.37,-3.096,0.0386,100.015,0.513,40,200560
538,You're Not Sorry,Fearless (Platinum Edition),2008/11/11,15,3JhvYnOfKLJuWC7jEU0GmJ,spotify:track:3JhvYnOfKLJuWC7jEU0GmJ,0.13,0.459,0.459,0.0000023,0.113,-4.126,0.0275,134.018,0.281,42,261800
539,The Way I Loved You,Fearless (Platinum Edition),2008/11/11,16,4pEZUytwBzha5Un6m3SCFf,spotify:track:4pEZUytwBzha5Un6m3SCFf,0.0322,0.436,0.712,0,0.111,-3.689,0.0329,160.886,0.379,48,244240
540,Forever & Always,Fearless (Platinum Edition),2008/11/11,17,3NKCWBT2uKp8rxSkcvIrdX,spotify:track:3NKCWBT2uKp8rxSkcvIrdX,0.0907,0.605,0.829,0,0.106,-4.993,0.0549,128.012,0.514,43,225333
541,The Best Day,Fearless (Platinum Edition),2008/11/11,18,7CjuAoOiSrwWv7wJonAUmw,spotify:track:7CjuAoOiSrwWv7wJonAUmw,0.611,0.664,0.447,0.000001,0.139,-8.535,0.0292,126.079,0.364,40,245346
542,Change,Fearless (Platinum Edition),2008/11/11,19,3gFaNwyiafgUoQhR0pHYA9,spotify:track:3gFaNwyiafgUoQhR0pHYA9,0.00471,0.548,0.756,0,0.117,-4.175,0.036,96.038,0.224,40,281053
567,Tim McGraw,Taylor Swift (Deluxe Edition),2006/10/24,1,2Fn01AIMyHbha2ceNQeOqw,spotify:track:2Fn01AIMyHbha2ceNQeOqw,0.575,0.58,0.491,0,0.121,-6.462,0.0251,76.009,0.425,56,232106
568,Picture To Burn,Taylor Swift (Deluxe Edition),2006/10/24,2,4BYejINgfZF0qKDMEH2cim,spotify:track:4BYejINgfZF0qKDMEH2cim,0.173,0.658,0.877,0,0.0962,-2.098,0.0323,105.586,0.821,61,173066
569,Teardrops On My Guitar - Radio Single Remix,Taylor Swift (Deluxe Edition),2006/10/24,3,2TF4UtYreqNbQ6Z9AccldU,spotify:track:2TF4UtYreqNbQ6Z9AccldU,0.288,0.621,0.417,0,0.119,-6.941,0.0231,99.953,0.289,63,203040
570,A Place in this World,Taylor Swift (Deluxe Edition),2006/10/24,4,1oR4MUBpyNrAViC8wPNpfm,spotify:track:1oR4MUBpyNrAViC8wPNpfm,0.051,0.576,0.777,0,0.32,-2.881,0.0324,115.028,0.428,55,199200
571,Cold As You,Taylor Swift (Deluxe Edition),2006/10/24,5,569sXXQ7t0jSdqHooi2yqs,spotify:track:569sXXQ7t0jSdqHooi2yqs,0.217,0.418,0.482,0,0.123,-5.769,0.0266,175.558,0.261,55,239013
572,The Outside,Taylor Swift (Deluxe Edition),2006/10/24,6,5Tj2MqcFMf60CaGsKbM1aq,spotify:track:5Tj2MqcFMf60CaGsKbM1aq,0.00491,0.589,0.805,0,0.24,-4.055,0.0293,112.982,0.591,54,207106
573,Tied Together with a Smile,Taylor Swift (Deluxe Edition),2006/10/24,7,2zzxwmoOBnXDT0KnJsoIWk,spotify:track:2zzxwmoOBnXDT0KnJsoIWk,0.525,0.479,0.578,0,0.0841,-4.963,0.0294,146.165,0.192,54,248106
574,Stay Beautiful,Taylor Swift (Deluxe Edition),2006/10/24,8,41sjzdjScVwnxnxADElts6,spotify:track:41sjzdjScVwnxnxADElts6,0.0868,0.594,0.629,0,0.137,-4.919,0.0246,131.597,0.504,53,236053
575,Should've Said No,Taylor Swift (Deluxe Edition),2006/10/24,9,6CdaXOq1MWe2JHDalTG01d,spotify:track:6CdaXOq1MWe2JHDalTG01d,0.0103,0.476,0.777,0,0.196,-3.771,0.0289,167.964,0.472,60,242200
576,Mary's Song (Oh My My My),Taylor Swift (Deluxe Edition),2006/10/24,10,2O8sogKJCfVZ4rotBv1vVF,spotify:track:2O8sogKJCfVZ4rotBv1vVF,0.0177,0.403,0.627,0,0.182,-5.28,0.0292,74.9,0.374,57,213080
577,Our Song,Taylor Swift (Deluxe Edition),2006/10/24,11,1j6gmK6u4WNI33lMZ8dC1s,spotify:track:1j6gmK6u4WNI33lMZ8dC1s,0.111,0.668,0.672,0,0.329,-4.931,0.0303,89.011,0.539,64,201106
578,I'm Only Me When I'm With You,Taylor Swift (Deluxe Edition),2006/10/24,12,7CzxXgQXurKZCyHz9ufbo1,spotify:track:7CzxXgQXurKZCyHz9ufbo1,0.00452,0.563,0.934,0.000807,0.103,-3.629,0.0646,143.964,0.518,56,213053
579,Invisible,Taylor Swift (Deluxe Edition),2006/10/24,13,1k3PzDNjg38cWqOvL4M9vq,spotify:track:1k3PzDNjg38cWqOvL4M9vq,0.637,0.612,0.394,0,0.147,-5.723,0.0243,96.001,0.233,54,203226
580,A Perfectly Good Heart,Taylor Swift (Deluxe Edition),2006/10/24,14,0YgHuReCSPwTXYny7isLja,spotify:track:0YgHuReCSPwTXYny7isLja,0.00349,0.483,0.751,0,0.128,-5.726,0.0365,156.092,0.268,53,220146
581,Teardrops on My Guitar - Pop Version,Taylor Swift (Deluxe Edition),2006/10/24,15,1hxLyjC9D9Jpw6EAPKqWv4,spotify:track:1hxLyjC9D9Jpw6EAPKqWv4,0.0402,0.459,0.753,0,0.0863,-3.827,0.0537,199.997,0.483,55,179066
